run_id,started_utc,git_commit,guest,status,duration_seconds,success_marker,summary_path
"phase1-20260717T185500Z-330b9ce2d52b","2026-07-17T19:06:05Z","330b9ce2d52bd1269766bfc63201d23bf88c140f","arceos","setup_failed","125","Hello, world!","results/baseline/runs/phase1-20260717T185500Z-330b9ce2d52b/arceos/status.json"
"phase1-20260717T185500Z-330b9ce2d52b","2026-07-17T19:08:10Z","330b9ce2d52bd1269766bfc63201d23bf88c140f","linux","setup_failed","126","test pass!","results/baseline/runs/phase1-20260717T185500Z-330b9ce2d52b/linux/status.json"
"phase1-20260717T191300Z-330b9ce2d52b","2026-07-17T19:17:40Z","330b9ce2d52bd1269766bfc63201d23bf88c140f","arceos","setup_failed","154","Hello, world!","results/baseline/runs/phase1-20260717T191300Z-330b9ce2d52b/arceos/status.json"
"phase1-20260717T191300Z-330b9ce2d52b","2026-07-17T19:20:14Z","330b9ce2d52bd1269766bfc63201d23bf88c140f","linux","setup_failed","152","test pass!","results/baseline/runs/phase1-20260717T191300Z-330b9ce2d52b/linux/status.json"
"phase1-20260717T192400Z-330b9ce2d52b","2026-07-17T19:23:46Z","330b9ce2d52bd1269766bfc63201d23bf88c140f","arceos","marker_missing","493","Hello, world!","results/baseline/runs/phase1-20260717T192400Z-330b9ce2d52b/arceos/status.json"
"phase1-20260717T192400Z-330b9ce2d52b","2026-07-17T19:31:59Z","330b9ce2d52bd1269766bfc63201d23bf88c140f","linux","marker_missing","392","test pass!","results/baseline/runs/phase1-20260717T192400Z-330b9ce2d52b/linux/status.json"
"phase1-20260717T194500Z-330b9ce2d52b","2026-07-17T19:43:45Z","330b9ce2d52bd1269766bfc63201d23bf88c140f","arceos","marker_missing","534","Hello, world!","results/baseline/runs/phase1-20260717T194500Z-330b9ce2d52b/arceos/status.json"
"phase1-20260717T194500Z-330b9ce2d52b","2026-07-17T19:52:39Z","330b9ce2d52bd1269766bfc63201d23bf88c140f","linux","marker_missing","376","test pass!","results/baseline/runs/phase1-20260717T194500Z-330b9ce2d52b/linux/status.json"
"phase1-20260717T200000Z-330b9ce2d52b","2026-07-17T20:01:10Z","330b9ce2d52bd1269766bfc63201d23bf88c140f","arceos","passed","520","Hello, world!","results/baseline/runs/phase1-20260717T200000Z-330b9ce2d52b/arceos/status.json"
"phase1-20260717T200000Z-330b9ce2d52b","2026-07-17T20:09:51Z","330b9ce2d52bd1269766bfc63201d23bf88c140f","linux","marker_missing","733","test pass!","results/baseline/runs/phase1-20260717T200000Z-330b9ce2d52b/linux/status.json"
"phase1-linux-smoke-20260717T203541Z-330b9ce2d52b","2026-07-17T20:36:09Z","330b9ce2d52bd1269766bfc63201d23bf88c140f","linux","passed","476","test pass!","results/baseline/runs/phase1-linux-smoke-20260717T203541Z-330b9ce2d52b/linux/status.json"
"phase1-final-20260717T204935Z-330b9ce2d52b-dirty","2026-07-17T20:50:10Z","330b9ce2d52bd1269766bfc63201d23bf88c140f","arceos","passed","482","Hello, world!","results/baseline/runs/phase1-final-20260717T204935Z-330b9ce2d52b-dirty/arceos/status.json"
"phase1-final-20260717T204935Z-330b9ce2d52b-dirty","2026-07-17T20:58:12Z","330b9ce2d52bd1269766bfc63201d23bf88c140f","linux","passed","408","test pass!","results/baseline/runs/phase1-final-20260717T204935Z-330b9ce2d52b-dirty/linux/status.json"
"phase2-linux-smp2-20260722T095416Z-330b9ce2d52b-dirty","2026-07-22T09:55:03Z","330b9ce2d52bd1269766bfc63201d23bf88c140f","linux-smp2","guest_cpu_count_mismatch","276","linux-smp2-pass","results/baseline/runs/phase2-linux-smp2-20260722T095416Z-330b9ce2d52b-dirty/linux-smp2/status.json"
"phase2-linux-smp2-20260722T100158Z-330b9ce2d52b-dirty","2026-07-22T10:02:33Z","330b9ce2d52bd1269766bfc63201d23bf88c140f","linux-smp2","passed","168","linux-smp2-pass","results/baseline/runs/phase2-linux-smp2-20260722T100158Z-330b9ce2d52b-dirty/linux-smp2/status.json"
"phase2-linux-smp2-final-20260722T100646Z-330b9ce2d52b-dirty","2026-07-22T10:07:39Z","330b9ce2d52bd1269766bfc63201d23bf88c140f","linux-smp2","passed","175","linux-smp2-pass","results/baseline/runs/phase2-linux-smp2-final-20260722T100646Z-330b9ce2d52b-dirty/linux-smp2/status.json"
"phase2-linux-smp2-upstream-20260726-r1","2026-07-26T16:38:32Z","01e053105e243d1fdd1c03f6f850b266efbe8de0","linux-smp2","timed_out","855","linux-smp2-pass","results/baseline/runs/phase2-linux-smp2-upstream-20260726-r1/linux-smp2/status.json"
"phase2-linux-smp2-upstream-20260726-r2","2026-07-26T16:55:11Z","01e053105e243d1fdd1c03f6f850b266efbe8de0","linux-smp2","passed","291","linux-smp2-pass","results/baseline/runs/phase2-linux-smp2-upstream-20260726-r2/linux-smp2/status.json"
"phase1-current-20260731-01e0531-dirty-r1","2026-07-31T12:30:25Z","01e053105e243d1fdd1c03f6f850b266efbe8de0","arceos","timed_out","908","Hello, world!","results/baseline/runs/phase1-current-20260731-01e0531-dirty-r1/arceos/status.json"
"phase1-current-20260731-01e0531-dirty-r1","2026-07-31T12:45:34Z","01e053105e243d1fdd1c03f6f850b266efbe8de0","linux","timed_out","906","test pass!","results/baseline/runs/phase1-current-20260731-01e0531-dirty-r1/linux/status.json"
"phase1-current-20260731-01e0531-dirty-r2","2026-07-31T13:06:19Z","01e053105e243d1fdd1c03f6f850b266efbe8de0","arceos","passed","254","Hello, world!","results/baseline/runs/phase1-current-20260731-01e0531-dirty-r2/arceos/status.json"
"phase1-current-20260731-01e0531-dirty-r2","2026-07-31T13:10:34Z","01e053105e243d1fdd1c03f6f850b266efbe8de0","linux","passed","234","test pass!","results/baseline/runs/phase1-current-20260731-01e0531-dirty-r2/linux/status.json"
"phase1-current-20260805-01e0531-dirty-r3","2026-08-05T15:39:04Z","01e053105e243d1fdd1c03f6f850b266efbe8de0","arceos","passed","188","Hello, world!","results/baseline/runs/phase1-current-20260805-01e0531-dirty-r3/arceos/status.json"
"phase1-current-20260805-01e0531-dirty-r3","2026-08-05T15:42:12Z","01e053105e243d1fdd1c03f6f850b266efbe8de0","linux","passed","135","test pass!","results/baseline/runs/phase1-current-20260805-01e0531-dirty-r3/linux/status.json"
